{
  "metadata": {
    "title": "New Game",
    "version": "1.0.0"
  },
  "common": {
    "background": "assets/reskin/background_game.jpg"
  },
  "scenes": {
    "scene1": {
      "banner": "assets/reskin/s1_banner.png",
      "board": "assets/reskin/s1_board.png",
      "resultBg": "assets/reskin/s1_result_bg.png",
      "items": [
        {
          "key": "s1_item_crab",
          "path": "assets/reskin/s1_item_crab.png",
          "isCorrect": false
        },
        {
          "key": "s1_item_fish",
          "path": "assets/reskin/s1_item_fish.png",
          "isCorrect": false
        },
        {
          "key": "s1_item_shirmp_correct",
          "path": "assets/reskin/s1_item_shirmp_correct.png",
          "isCorrect": true
        }
      ],
      "refImage": "assets/reskin/s1_example.png",
      "poem": "assets/reskin/s1_poem.png",
      "textResult": "assets/reskin/s1_text_result.png"
    },
    "scene2": {
      "banner": "assets/reskin/s2_banner.png",
      "board": "assets/reskin/s2_board.png",
      "outlines": [
        {
          "key": "s2_outline_1",
          "path": "assets/reskin/s2_outline_1.png"
        },
        {
          "key": "s2_outline_2",
          "path": "assets/reskin/s2_outline_2.png"
        }
      ],
      "parts": {
        "group1": [
          {
            "key": "s2_part_1_1",
            "path": "assets/reskin/s2_part_1_1.png"
          },
          {
            "key": "s2_part_1_2",
            "path": "assets/reskin/s2_part_1_2.png"
          },
          {
            "key": "s2_part_1_3",
            "path": "assets/reskin/s2_part_1_3.png"
          },
          {
            "key": "s2_part_1_4",
            "path": "assets/reskin/s2_part_1_4.png"
          },
          {
            "key": "s2_part_1_5",
            "path": "assets/reskin/s2_part_1_5.png"
          },
          {
            "key": "s2_part_1_6",
            "path": "assets/reskin/s2_part_1_6.png"
          },
          {
            "key": "s2_part_1_7",
            "path": "assets/reskin/s2_part_1_7.png"
          },
          {
            "key": "s2_part_1_8",
            "path": "assets/reskin/s2_part_1_8.png"
          },
          {
            "key": "s2_part_1_9",
            "path": "assets/reskin/s2_part_1_9.png"
          }
        ],
        "group2": [
          {
            "key": "s2_part_2_1",
            "path": "assets/reskin/s2_part_2_1.png"
          }
        ]
      },
      "footerText": "assets/reskin/s2_text_footer.png"
    }
  },
  "audio": {
    "bgm": "assets/audio/sfx/nhac_nen.mp3",
    "cau_do": "assets/reskin/s1_audio_poem.mp3",
    "voice_cai_o": "assets/reskin/s1_audio_correct.mp3",
    "voice_intro_s2": "assets/reskin/s2_audio_intro.mp3"
  }
}