{
  "goalkeeper": {
    "baseY_pct": 0.4,
    "baseScale": 0.9,
    "parts": [
      {
        "key": "s2_part_1_1",
        "note": "",
        "offsetX": 0,
        "offsetY": 0,
        "scaleAdjust": 1,
        "hintX": 336,
        "hintY": -97
      },
      {
        "key": "s2_part_1_2",
        "note": "",
        "offsetX": 0,
        "offsetY": 0,
        "scaleAdjust": 1,
        "hintX": 449,
        "hintY": -102
      },
      {
        "key": "s2_part_1_3",
        "note": "",
        "offsetX": 0,
        "offsetY": 0,
        "scaleAdjust": 1,
        "hintX": 485,
        "hintY": 61
      },
      {
        "key": "s2_part_1_4",
        "note": "",
        "offsetX": 0,
        "offsetY": 0,
        "scaleAdjust": 1,
        "hintX": -461,
        "hintY": 189
      },
      {
        "key": "s2_part_1_5",
        "note": "",
        "offsetX": 0,
        "offsetY": 0,
        "scaleAdjust": 1,
        "hintX": -151,
        "hintY": 35
      },
      {
        "key": "s2_part_1_6",
        "note": "",
        "offsetX": 0,
        "offsetY": 0,
        "scaleAdjust": 1,
        "hintX": 224,
        "hintY": 16
      },
      {
        "key": "s2_part_1_7",
        "note": "",
        "offsetX": 0,
        "offsetY": 0,
        "scaleAdjust": 1,
        "hintX": -369,
        "hintY": -143
      },
      {
        "key": "s2_part_1_8",
        "note": "",
        "offsetX": 0,
        "offsetY": 0,
        "scaleAdjust": 1,
        "hintX": -410,
        "hintY": 9
      },
      {
        "key": "s2_part_1_9",
        "note": "",
        "offsetX": 0,
        "offsetY": 0,
        "scaleAdjust": 1,
        "hintX": 27,
        "hintY": 8
      }
    ]
  },
  "letter": {
    "baseY_pct": 0.4,
    "baseScale": 0.9,
    "parts": [
      {
        "key": "s2_part_2_1",
        "note": "",
        "offsetX": 0,
        "offsetY": 0,
        "scaleAdjust": 1,
        "hintX": 4,
        "hintY": -8
      }
    ]
  }
}